s,kW,kW,kW,kW,kW,kW,kW,kW,kW,kg/s,kg/s,kg/s,Pa
Time,HRR,Q_RADI,Q_CONV,Q_COND,Q_DIFF,Q_PRES,Q_PART,Q_ENTH,Q_TOTAL,MLR_AIR,MLR_PROPANE,MLR_PRODUCTS,ZONE_1
 0.0000000E+000, 0.0000000E+000,-3.7608577E-003,-1.4768540E-008, 0.0000000E+000, 0.0000000E+000, 0.0000000E+000, 0.0000000E+000, 0.0000000E+000,-3.7608725E-003, 0.0000000E+000, 0.0000000E+000, 0.0000000E+000,-5.9075825E-001
 1.0293432E+000, 5.3374126E+001,-1.5372348E+001,-1.8529027E-003,-3.9024467E-001,-4.3089709E-003, 1.3876757E+001, 0.0000000E+000, 4.4990472E+001, 5.1482129E+001, 0.0000000E+000, 1.5216883E-003, 0.0000000E+000, 3.6688042E+002
