droplet_diameter,activation_temperature,flow_rate,time_to_extinguish,water_volume_used
300,80,25,108,21.675652
300,80,30,101,24.152529
300,80,35,94,25.255997
300,80,45,78,23.074063
300,80,50,92,35.776513
300,80,55,96,43.283054
300,80,65,73,29.673647
300,80,70,69,28.130275
300,80,75,63,23.27464
300,80,85,62,24.904605
300,80,90,61,24.78175
300,80,95,59,23.362425
